"Security_ID";"visitor_id"
600;500
601;501
602;502
603;503
604;504
605;505
606;506
607;507
608;508
609;509
610;510
611;511
612;512
613;513
614;514
615;515
616;516
617;517
618;518
619;519
620;520
621;521
622;522
623;523
624;524
625;525
626;526
627;527
628;528
629;529
630;530
631;531
632;532
633;533
634;534
635;535
636;536
637;537
638;538
639;539
670;570
671;571
672;572
673;573
674;574
675;575
676;576
677;577
678;578
679;579
680;580
681;581
682;582
683;583
684;584
685;585
686;586
687;587
688;588
689;589
690;590
691;591
692;592
693;593
694;594
695;595
696;596
697;597
698;598
699;599
